{"accuracy": [0.5902553796768188, 0.8529056310653687, 0.913037896156311, 0.9377195835113525, 0.953780472278595, 0.9638950228691101, 0.9706664681434631, 0.9755032658576965, 0.9790027737617493, 0.9812077879905701], "loss": [1.3905764818191528, 0.4652409851551056, 0.2712976932525635, 0.19159269332885742, 0.14114047586917877, 0.1081465631723404, 0.08889899402856827, 0.07556033879518509, 0.06303086131811142, 0.05871770530939102], "val_accuracy": [0.8320623636245728, 0.8802640438079834, 0.9299453496932983, 0.9419531226158142, 0.9606191515922546, 0.9440587162971497, 0.9574322700500488, 0.9591964483261108, 0.9568063020706177, 0.9642613530158997], "val_loss": [0.5270513892173767, 0.3708120882511139, 0.2192738801240921, 0.17177487909793854, 0.1276126652956009, 0.18535998463630676, 0.13625812530517578, 0.1422046422958374, 0.14595907926559448, 0.1308659464120865]}